PRAGMA foreign_keys=OFF;
BEGIN TRANSACTION;
CREATE TABLE alembic_version (
	version_num VARCHAR(32) NOT NULL, 
	CONSTRAINT alembic_version_pkc PRIMARY KEY (version_num)
);
INSERT INTO alembic_version VALUES('ade0ee9a323f');
CREATE TABLE IF NOT EXISTS "users" (
	id INTEGER NOT NULL, 
	username VARCHAR(40) NOT NULL, 
	email VARCHAR(255) NOT NULL, 
	hashed_password VARCHAR(255) NOT NULL, 
	"createdAt" DATETIME DEFAULT (CURRENT_TIMESTAMP), 
	"updatedAt" DATETIME DEFAULT (CURRENT_TIMESTAMP), 
	PRIMARY KEY (id), 
	UNIQUE (username), 
	UNIQUE (email)
);
INSERT INTO users VALUES(1,'Demo','demo@aa.io','pbkdf2:sha256:260000$2L0GMM7yWuHR5CCJ$3259a696c9604b47f64e9aea64237ffa9ff3ed0ac33ab6b09340d80af094d264','2023-05-10 22:16:49','2023-05-10 22:16:49');
INSERT INTO users VALUES(2,'marnie','marnie@aa.io','pbkdf2:sha256:260000$OcBTzeLuA8kCUSRA$9662d854f894e2787566972b4e6e68d0a697c8eb499170f8c45afad603da3d0c','2023-05-10 22:16:49','2023-05-10 22:16:49');
INSERT INTO users VALUES(3,'bobbie','bobbie@aa.io','pbkdf2:sha256:260000$4GmOsQ6iIOkOQW7E$0c63359c4d7f36501e9a98f048835a115b6f8f44e6e7c36f460c66c48b1b7db0','2023-05-10 22:16:49','2023-05-10 22:16:49');
CREATE TABLE projects (
	id INTEGER NOT NULL, 
	userid INTEGER NOT NULL, 
	name VARCHAR(40) NOT NULL, 
	"createdAt" DATETIME DEFAULT (CURRENT_TIMESTAMP), 
	"updatedAt" DATETIME DEFAULT (CURRENT_TIMESTAMP), 
	PRIMARY KEY (id), 
	FOREIGN KEY(userid) REFERENCES users (id), 
	UNIQUE (name)
);
INSERT INTO projects VALUES(1,1,'asd','2023-05-11 22:11:41','2023-05-11 22:11:41');
INSERT INTO projects VALUES(2,1,'newww','2023-05-12 22:27:00','2023-05-12 22:27:00');
CREATE TABLE published_templates (
	id INTEGER NOT NULL, 
	userid INTEGER NOT NULL, 
	name VARCHAR(40) NOT NULL, 
	content TEXT NOT NULL, 
	"createdAt" DATETIME DEFAULT (CURRENT_TIMESTAMP), 
	"updatedAt" DATETIME DEFAULT (CURRENT_TIMESTAMP), 
	PRIMARY KEY (id), 
	FOREIGN KEY(userid) REFERENCES users (id), 
	UNIQUE (name)
);
CREATE TABLE templates (
	id INTEGER NOT NULL, 
	userid INTEGER NOT NULL, 
	name VARCHAR(40) NOT NULL, 
	content TEXT NOT NULL, 
	"createdAt" DATETIME DEFAULT (CURRENT_TIMESTAMP), 
	"updatedAt" DATETIME DEFAULT (CURRENT_TIMESTAMP), 
	PRIMARY KEY (id), 
	FOREIGN KEY(userid) REFERENCES users (id), 
	UNIQUE (name)
);
INSERT INTO templates VALUES(1,1,'asdasd','{''''template'''': ''''100.00fr/19.63fr 11.32fr 69.05fr'''', ''''divs'''': [{''''startColumn'''': ''''3'''', ''''endColumn'''': ''''1'''', ''''startRow'''': ''''1'''', ''''endRow'''': ''''1'''', ''''color'''': ''''#8af8d7BE''''}, {''''startColumn'''': ''''2'''', ''''endColumn'''': ''''1'''', ''''startRow'''': ''''1'''', ''''endRow'''': ''''1'''', ''''color'''': ''''#bdc1c5BE''''}, {''''startColumn'''': ''''1'''', ''''endColumn'''': ''''1'''', ''''startRow'''': ''''1'''', ''''endRow'''': ''''1'''', ''''color'''': ''''#86adfcBE''''}]}','2023-05-11 22:11:38','2023-05-11 22:11:38');
INSERT INTO templates VALUES(2,1,'mosiac2','{''''template'''': ''''14.81fr 16.10fr 14.95fr 12.79fr 11.21fr 12.07fr 18.06fr/9.77fr 9.86fr 10.83fr 9.95fr 9.62fr 10.03fr 10.11fr 9.78fr 10.92fr 9.13fr'''', ''''divs'''': [{''''startColumn'''': ''''1'''', ''''endColumn'''': ''''4'''', ''''startRow'''': ''''1'''', ''''endRow'''': ''''1'''', ''''color'''': ''''#f39398BE''''}, {''''startColumn'''': ''''1'''', ''''endColumn'''': ''''1'''', ''''startRow'''': ''''2'''', ''''endRow'''': ''''1'''', ''''color'''': ''''#d5e380BE''''}, {''''startColumn'''': ''''2'''', ''''endColumn'''': ''''1'''', ''''startRow'''': ''''2'''', ''''endRow'''': ''''1'''', ''''color'''': ''''#9dd9b3BE''''}, {''''startColumn'''': ''''1'''', ''''endColumn'''': ''''3'''', ''''startRow'''': ''''3'''', ''''endRow'''': ''''1'''', ''''color'''': ''''#ebd5adBE''''}, {''''startColumn'''': ''''1'''', ''''endColumn'''': ''''2'''', ''''startRow'''': ''''4'''', ''''endRow'''': ''''2'''', ''''color'''': ''''#b6c8c0BE''''}, {''''startColumn'''': ''''3'''', ''''endColumn'''': ''''1'''', ''''startRow'''': ''''4'''', ''''endRow'''': ''''3'''', ''''color'''': ''''#ddbff5BE''''}, {''''startColumn'''': ''''1'''', ''''endColumn'''': ''''2'''', ''''startRow'''': ''''6'''', ''''endRow'''': ''''2'''', ''''color'''': ''''#cfb5a3BE''''}, {''''startColumn'''': ''''3'''', ''''endColumn'''': ''''8'''', ''''startRow'''': ''''7'''', ''''endRow'''': ''''1'''', ''''color'''': ''''#aef9f7BE''''}, {''''startColumn'''': ''''3'''', ''''endColumn'''': ''''4'''', ''''startRow'''': ''''2'''', ''''endRow'''': ''''1'''', ''''color'''': ''''#a2c4dcBE''''}, {''''startColumn'''': ''''4'''', ''''endColumn'''': ''''3'''', ''''startRow'''': ''''3'''', ''''endRow'''': ''''3'''', ''''color'''': ''''#a3bebdBE''''}, {''''startColumn'''': ''''4'''', ''''endColumn'''': ''''4'''', ''''startRow'''': ''''6'''', ''''endRow'''': ''''1'''', ''''color'''': ''''#81cfbeBE''''}, {''''startColumn'''': ''''5'''', ''''endColumn'''': ''''4'''', ''''startRow'''': ''''1'''', ''''endRow'''': ''''1'''', ''''color'''': ''''#a1858cBE''''}, {''''startColumn'''': ''''9'''', ''''endColumn'''': ''''1'''', ''''startRow'''': ''''2'''', ''''endRow'''': ''''1'''', ''''color'''': ''''#bdd396BE''''}, {''''startColumn'''': ''''9'''', ''''endColumn'''': ''''1'''', ''''startRow'''': ''''1'''', ''''endRow'''': ''''1'''', ''''color'''': ''''#a3fd83BE''''}, {''''startColumn'''': ''''10'''', ''''endColumn'''': ''''1'''', ''''startRow'''': ''''1'''', ''''endRow'''': ''''6'''', ''''color'''': ''''#bc898aBE''''}, {''''startColumn'''': ''''7'''', ''''endColumn'''': ''''2'''', ''''startRow'''': ''''2'''', ''''endRow'''': ''''4'''', ''''color'''': ''''#b5d7d9BE''''}, {''''startColumn'''': ''''9'''', ''''endColumn'''': ''''1'''', ''''startRow'''': ''''3'''', ''''endRow'''': ''''4'''', ''''color'''': ''''#cdafe7BE''''}, {''''startColumn'''': ''''8'''', ''''endColumn'''': ''''1'''', ''''startRow'''': ''''6'''', ''''endRow'''': ''''1'''', ''''color'''': ''''#f8b985BE''''}]}','2023-05-12 22:03:34','2023-05-12 22:03:34');
CREATE TABLE files (
	id INTEGER NOT NULL, 
	projectid INTEGER NOT NULL, 
	name VARCHAR(40) NOT NULL, 
	templateid INTEGER NOT NULL, 
	"createdAt" DATETIME DEFAULT (CURRENT_TIMESTAMP), 
	"updatedAt" DATETIME DEFAULT (CURRENT_TIMESTAMP), 
	PRIMARY KEY (id), 
	FOREIGN KEY(projectid) REFERENCES projects (id), 
	FOREIGN KEY(templateid) REFERENCES templates (id)
);
INSERT INTO files VALUES(1,1,'index.html',1,'2023-05-11 22:11:41','2023-05-11 22:11:41');
INSERT INTO files VALUES(2,1,'second.html',2,'2023-05-12 22:03:50','2023-05-12 22:03:50');
INSERT INTO files VALUES(3,2,'index.html',2,'2023-05-12 22:27:00','2023-05-12 22:27:00');
INSERT INTO files VALUES(4,2,'file2',1,'2023-05-13 00:49:58','2023-05-13 00:49:58');
INSERT INTO files VALUES(5,2,'asdasd',1,'2023-05-13 00:51:46','2023-05-13 00:51:46');
INSERT INTO files VALUES(6,2,'klj',1,'2023-05-13 00:54:00','2023-05-13 00:54:00');
INSERT INTO files VALUES(7,2,'sdfsdfsfd',1,'2023-05-13 00:54:07','2023-05-13 00:54:07');
CREATE TABLE file_contents (
	id INTEGER NOT NULL, 
	fileid INTEGER NOT NULL, 
	content TEXT NOT NULL, 
	"createdAt" DATETIME DEFAULT (CURRENT_TIMESTAMP), 
	"updatedAt" DATETIME DEFAULT (CURRENT_TIMESTAMP), 
	PRIMARY KEY (id), 
	FOREIGN KEY(fileid) REFERENCES files (id)
);
INSERT INTO file_contents VALUES(1,1,replace('\n        <head>\n        <script>\n        document.addEventListener(''DOMContentLoaded'', ()=>{\n        // get all links\n          let links = document.querySelectorAll(''[data-local="true"]'');\n          // loop through links\n          for(let i = 0; i < links.length; i++){\n              // add event listener\n              links[i].addEventListener(''click'', (e)=>{\n                  // prevent default\n                  e.preventDefault();\n                  // get href\n                  let href = e.target.href;\n                  // get anchor\n                  let anchor = href.split(''http://local/'')[1];\n                  // get element\n                  opener.setWindow(anchor);\n              }\n              )\n          }\n        })\n          </script>\n        <style>\n        body{\n            margin:0;\n            padding:0;\n\n        }\n        div{\n            padding:0;\n            margin:0;\n        }\n        p{\n            padding:0;\n            margin:0;\n        }\n        </style>\n        </head>\n        <div style=''position:absolute;width:100%;height:100%;display:grid;grid-template:100.00fr/19.63fr 11.32fr 69.05fr''>\n        \n           <div id=0  class=''childrenNoSelect'' style="\n           \n           width:100%;height:100%;grid-column: 3 / span 1; grid-row: 1 / span 1; background-color: rgba(138, 248, 215, 0.745);">\n           \n           \n           \n           \n           \n           <p>asdasdasdasdasd</p><p>as</p><p>da</p><p>sdasd</p>\n           \n           \n           \n           \n           \n           </div>\n\n\n\n           \n           <div id=1  class=''childrenNoSelect'' style="\n           \n           width:100%;height:100%;grid-column: 2 / span 1; grid-row: 1 / span 1; background-color: rgba(189, 193, 197, 0.745);">\n           \n           \n           \n           \n           \n           \n           \n           \n           \n           \n           \n           </div>\n\n\n\n           \n           <div id=2  class=''childrenNoSelect'' style="\n           \n           width:100%;height:100%;grid-column: 1 / span 1; grid-row: 1 / span 1; background-color: rgba(134, 173, 252, 0.745);">\n           <p style="margin:0;padding:0"></p><a href="http://local/mosiac.html" data-local="true">moooo</a><p></p>\n           </div>\n\n\n\n           \n        </div>','\n',char(10)),'2023-05-11 22:11:41','2023-05-11 22:11:41');
INSERT INTO file_contents VALUES(2,2,replace('\n        <head>\n        <script>\n        document.addEventListener(''DOMContentLoaded'', ()=>{\n        // get all links\n          let links = document.querySelectorAll(''[data-local="true"]'');\n          // loop through links\n          for(let i = 0; i < links.length; i++){\n              // add event listener\n              links[i].addEventListener(''click'', (e)=>{\n                  // prevent default\n                  e.preventDefault();\n                  // get href\n                  let href = e.target.href;\n                  // get anchor\n                  let anchor = href.split(''http://local/'')[1];\n                  // get element\n                  opener.setWindow(anchor);\n              }\n              )\n          }\n        })\n          </script>\n        <style>\n        body{\n            margin:0;\n            padding:0;\n\n        }\n        div{\n            padding:0;\n            margin:0;\n        }\n        p{\n            padding:0;\n            margin:0;\n        }\n        </style>\n        </head>\n        <div style=''position:absolute;width:100%;height:100%;display:grid;grid-template:14.81fr 16.10fr 14.95fr 12.79fr 11.21fr 12.07fr 18.06fr/9.77fr 9.86fr 10.83fr 9.95fr 9.62fr 10.03fr 10.11fr 9.78fr 10.92fr 9.13fr''>\n        \n           <div id=0  class=''childrenNoSelect'' style="\n           \n           width:100%;height:100%;grid-column: 1 / span 4; grid-row: 1 / span 1; background-color: rgba(243, 147, 152, 0.745);">\n           \n           <h1>asdasdasdasdasdasdasdasdasd</h1><h1>asdasdasdasdasd</h1>\n           \n           </div>\n\n\n\n           \n           <div id=1  class=''childrenNoSelect'' style="\n           \n           width:100%;height:100%;grid-column: 1 / span 1; grid-row: 2 / span 1; background-color: rgba(213, 227, 128, 0.745);">\n           <p style="margin:0;padding:0"></p><a href="http://local/index.html" data-local="true">home</a><p></p>\n           </div>\n\n\n\n           \n           <div id=2  class=''childrenNoSelect'' style="\n           \n           width:100%;height:100%;grid-column: 2 / span 1; grid-row: 2 / span 1; background-color: rgba(157, 217, 179, 0.745);">\n           \n           <h1></h1>\n           \n           </div>\n\n\n\n           \n           <div id=3  class=''childrenNoSelect'' style="\n           \n           width:100%;height:100%;grid-column: 1 / span 3; grid-row: 3 / span 1; background-color: rgb(234, 234, 234);">\n           \n           <p style="margin:0;padding:0"></p>\n           \n           </div>\n\n\n\n           \n           <div id=4  class=''childrenNoSelect'' style="\n           \n           width:100%;height:100%;grid-column: 1 / span 2; grid-row: 4 / span 2; background-color: rgb(234, 234, 234);">\n           \n           <p style="margin:0;padding:0"></p>\n           \n           </div>\n\n\n\n           \n           <div id=5  class=''childrenNoSelect'' style="\n           \n           width:100%;height:100%;grid-column: 3 / span 1; grid-row: 4 / span 3; background-color: rgb(234, 234, 234);">\n           \n           <p style="margin:0;padding:0"></p>\n           \n           </div>\n\n\n\n           \n           <div id=6  class=''childrenNoSelect'' style="\n           \n           width:100%;height:100%;grid-column: 1 / span 2; grid-row: 6 / span 2; background-color: rgb(234, 234, 234);">\n           \n           <p style="margin:0;padding:0"></p>\n           \n           </div>\n\n\n\n           \n           <div id=7  class=''childrenNoSelect'' style="\n           \n           width:100%;height:100%;grid-column: 3 / span 8; grid-row: 7 / span 1; background-color: rgb(249, 83, 83);">\n           \n           <p style="margin:0;padding:0"></p>\n           \n           </div>\n\n\n\n           \n           <div id=8  class=''childrenNoSelect'' style="\n           \n           width:100%;height:100%;grid-column: 3 / span 4; grid-row: 2 / span 1; background-color: rgba(162, 196, 220, 0.745);">\n           \n           <p style="margin:0;padding:0"></p>\n           \n           </div>\n\n\n\n           \n           <div id=9  class=''childrenNoSelect'' style="\n           \n           width:100%;height:100%;grid-column: 4 / span 3; grid-row: 3 / span 3; background-color: rgba(163, 190, 189, 0.745);">\n           \n           <p style="margin:0;padding:0"></p>\n           \n           </div>\n\n\n\n           \n           <div id=10  class=''childrenNoSelect'' style="\n           \n           width:100%;height:100%;grid-column: 4 / span 4; grid-row: 6 / span 1; background-color: rgba(129, 207, 190, 0.745);">\n           \n           <p style="margin:0;padding:0"></p>\n           \n           </div>\n\n\n\n           \n           <div id=11  class=''childrenNoSelect'' style="\n           \n           width:100%;height:100%;grid-column: 5 / span 4; grid-row: 1 / span 1; background-color: rgba(161, 133, 140, 0.745);">\n           \n           <p style="margin:0;padding:0"></p>\n           \n           </div>\n\n\n\n           \n           <div id=12  class=''childrenNoSelect'' style="\n           \n           width:100%;height:100%;grid-column: 9 / span 1; grid-row: 2 / span 1; background-color: rgba(189, 211, 150, 0.745);">\n           \n           \n           \n           </div>\n\n\n\n           \n           <div id=13  class=''childrenNoSelect'' style="\n           \n           width:100%;height:100%;grid-column: 9 / span 1; grid-row: 1 / span 1; background-color: rgba(163, 253, 131, 0.745);">\n           \n           \n           \n           </div>\n\n\n\n           \n           <div id=14  class=''childrenNoSelect'' style="\n           \n           width:100%;height:100%;grid-column: 10 / span 1; grid-row: 1 / span 6; background-color: rgba(188, 137, 138, 0.745);">\n           \n           \n           \n           </div>\n\n\n\n           \n           <div id=15  class=''childrenNoSelect'' style="\n           \n           width:100%;height:100%;grid-column: 7 / span 2; grid-row: 2 / span 4; background-color: rgba(181, 215, 217, 0.745);">\n           \n           \n           \n           </div>\n\n\n\n           \n           <div id=16  class=''childrenNoSelect'' style="\n           \n           width:100%;height:100%;grid-column: 9 / span 1; grid-row: 3 / span 4; background-color: rgba(205, 175, 231, 0.745);">\n           \n           \n           \n           </div>\n\n\n\n           \n           <div id=17  class=''childrenNoSelect'' style="\n           \n           width:100%;height:100%;grid-column: 8 / span 1; grid-row: 6 / span 1; background-color: rgba(248, 185, 133, 0.745);">\n           \n           \n           \n           </div>\n\n\n\n           \n        </div>','\n',char(10)),'2023-05-12 22:03:50','2023-05-12 22:03:50');
INSERT INTO file_contents VALUES(3,3,replace('\n        <head>\n        <script>\n        document.addEventListener(''DOMContentLoaded'', ()=>{\n        // get all links\n          let links = document.querySelectorAll(''[data-local="true"]'');\n          // loop through links\n          for(let i = 0; i < links.length; i++){\n              // add event listener\n              links[i].addEventListener(''click'', (e)=>{\n                  // prevent default\n                  e.preventDefault();\n                  // get href\n                  let href = e.target.href;\n                  // get anchor\n                  let anchor = href.split(''http://local/'')[1];\n                  // get element\n                  opener.setWindow(anchor);\n              }\n              )\n          }\n        })\n          </script>\n        <style>\n        body{\n            margin:0;\n            padding:0;\n\n        }\n        div{\n            padding:0;\n            margin:0;\n        }\n        p{\n            padding:0;\n            margin:0;\n        }\n        </style>\n        </head>\n        <div style=''position:absolute;width:100%;height:100%;display:grid;grid-template:14.81fr 16.10fr 14.95fr 12.79fr 11.21fr 12.07fr 18.06fr/9.77fr 9.86fr 10.83fr 9.95fr 9.62fr 10.03fr 10.11fr 9.78fr 10.92fr 9.13fr''>\n        \n           <div id=0  class=''childrenNoSelect'' style="\n           display: flex;justify-content: center;align-items: flex-start;flex-direction: column;\n           width:100%;height:100%;font-size: 7px;font-family:Arial;grid-column: 1 / span 4; grid-row: 1 / span 1; background-color: rgb(255, 255, 255);">\n           <p style="margin:0;padding:0"></p><p></p><img src="https://www.gstatic.com/youtube/img/promos/growth/f15212b4070277b1fafd9de3d12c3a37d88f32070a03ddc7acbcf76c2e0f8b21_129x56.webp" style="float:left;height:100px"/><p></p><p></p><p></p><h1></h1>\n           </div>\n\n\n\n           \n           <div id=1  class=''childrenNoSelect'' style="\n           \n           width:100%;height:100%;font-size: 16px;font-family:Arial;grid-column: 1 / span 1; grid-row: 2 / span 1; background-color: rgba(213, 227, 128, 0.745);">\n           \n           \n           \n           <p style="margin:0;padding:0"></p>\n           \n           \n           \n           </div>\n\n\n\n           \n           <div id=2  class=''childrenNoSelect'' style="\n           \n           width:100%;height:100%;font-size: 16px;font-family:Arial;grid-column: 2 / span 1; grid-row: 2 / span 1; background-color: rgba(157, 217, 179, 0.745);">\n           \n           \n           \n           <p style="margin:0;padding:0"></p>\n           \n           \n           \n           </div>\n\n\n\n           \n           <div id=3  class=''childrenNoSelect'' style="\n           \n           width:100%;height:100%;font-size: 16px;font-family:Arial;grid-column: 1 / span 3; grid-row: 3 / span 1; background-color: rgba(235, 213, 173, 0.745);">\n           \n           \n           \n           <p style="margin:0;padding:0"></p>\n           \n           \n           \n           </div>\n\n\n\n           \n           <div id=4  class=''childrenNoSelect'' style="\n           \n           width:100%;height:100%;font-size: 16px;font-family:Arial;grid-column: 1 / span 2; grid-row: 4 / span 2; background-color: rgba(182, 200, 192, 0.745);">\n           \n           \n           \n           <p style="margin:0;padding:0"></p>\n           \n           \n           \n           </div>\n\n\n\n           \n           <div id=5  class=''childrenNoSelect'' style="\n           \n           width:100%;height:100%;font-size: 16px;font-family:Arial;grid-column: 3 / span 1; grid-row: 4 / span 3; background-color: rgba(221, 191, 245, 0.745);">\n           \n           <p style="margin:0;padding:0"></p>\n           \n           </div>\n\n\n\n           \n           <div id=6  class=''childrenNoSelect'' style="\n           \n           width:100%;height:100%;font-size: 16px;font-family:Arial;grid-column: 1 / span 2; grid-row: 6 / span 2; background-color: rgba(207, 181, 163, 0.745);">\n           \n           \n           \n           <p style="margin:0;padding:0"></p>\n           \n           \n           \n           </div>\n\n\n\n           \n           <div id=7  class=''childrenNoSelect'' style="\n           \n           width:100%;height:100%;font-size: 16px;font-family:Arial;grid-column: 3 / span 8; grid-row: 7 / span 1; background-color: rgba(174, 249, 247, 0.745);">\n           \n           \n           \n           \n           <p style="margin:0;padding:0"></p>\n           \n           \n           \n           \n           </div>\n\n\n\n           \n           <div id=8  class=''childrenNoSelect'' style="\n           \n           width:100%;height:100%;font-size: 16px;font-family:Arial;grid-column: 3 / span 4; grid-row: 2 / span 1; background-color: rgba(162, 196, 220, 0.745);">\n           <p style="margin:0;padding:0"></p>\n           </div>\n\n\n\n           \n           <div id=9  class=''childrenNoSelect'' style="\n           \n           width:100%;height:100%;font-size: 16px;font-family:Impact;grid-column: 4 / span 3; grid-row: 3 / span 3; background-color: rgba(163, 190, 189, 0.745);">\n           <ul><li><strong><em>asdasdadaddasdadasdas</em></strong></li><li><strong><em>dasdasda</em></strong></li><li><strong><em>dsad</em></strong></li><li><strong><em><u>sad</u></em></strong></li><li><strong><em>ad</em></strong></li><li><strong><em>ada</em></strong></li><li><strong><em><u>dadadad</u></em></strong></li></ul><p style="margin:0;padding:0"></p><p><strong><em><u>fdgdgdgdfgdgdgasd</u></em></strong></p><p><strong><em><u>asd</u></em></strong></p><p><strong><em><u>adadadad</u></em></strong></p>\n           </div>\n\n\n\n           \n           <div id=10  class=''childrenNoSelect'' style="\n           \n           width:100%;height:100%;font-size: 16px;font-family:Arial;grid-column: 4 / span 4; grid-row: 6 / span 1; background-color: rgb(132, 36, 36);">\n           \n           \n           \n           \n           <p style="margin:0;padding:0"></p><p style="margin:0;padding:0"></p>\n           \n           \n           \n           \n           </div>\n\n\n\n           \n           <div id=11  class=''childrenNoSelect'' style="\n           display: flex;justify-content: center;align-items: center;flex-direction: column;\n           width:100%;height:100%;font-size: 41px;font-family:Arial;grid-column: 5 / span 4; grid-row: 1 / span 1; background-color: rgb(232, 204, 204);">\n           \n           <h1>YOUTUBE</h1>\n           \n           </div>\n\n\n\n           \n           <div id=12  class=''childrenNoSelect'' style="\n           \n           width:100%;height:100%;font-size: 16px;font-family:Arial;grid-column: 9 / span 1; grid-row: 2 / span 1; background-color: rgba(189, 211, 150, 0.745);">\n           \n           \n           \n           \n           \n           \n           \n           \n           \n           \n           \n           </div>\n\n\n\n           \n           <div id=13  class=''childrenNoSelect'' style="\n           \n           width:100%;height:100%;font-size: 16px;font-family:Arial;grid-column: 9 / span 1; grid-row: 1 / span 1; background-color: rgba(163, 253, 131, 0.745);">\n           \n           \n           \n           \n           \n           \n           \n           \n           \n           \n           \n           </div>\n\n\n\n           \n           <div id=14  class=''childrenNoSelect'' style="\n           \n           width:100%;height:100%;font-size: 16px;font-family:Arial;grid-column: 10 / span 1; grid-row: 1 / span 6; background-color: rgba(188, 137, 138, 0.745);">\n           \n           \n           \n           \n           <p style="margin:0;padding:0"></p>\n           \n           \n           \n           \n           </div>\n\n\n\n           \n           <div id=15  class=''childrenNoSelect'' style="\n           \n           width:100%;height:100%;font-size: 16px;font-family:Arial;grid-column: 7 / span 2; grid-row: 2 / span 4; background-color: rgba(181, 215, 217, 0.745);">\n           \n           \n           \n           <p style="margin:0;padding:0"></p>\n           \n           \n           \n           </div>\n\n\n\n           \n           <div id=16  class=''childrenNoSelect'' style="\n           \n           width:100%;height:100%;font-size: 16px;font-family:Arial;grid-column: 9 / span 1; grid-row: 3 / span 4; background-color: rgba(205, 175, 231, 0.745);">\n           \n           \n           \n           <p style="margin:0;padding:0"></p>\n           \n           \n           \n           </div>\n\n\n\n           \n           <div id=17  class=''childrenNoSelect'' style="\n           \n           width:100%;height:100%;font-size: 16px;font-family:Arial;grid-column: 8 / span 1; grid-row: 6 / span 1; background-color: rgba(248, 185, 133, 0.745);">\n           \n           \n           \n           \n           \n           \n           \n           \n           \n           \n           \n           </div>\n\n\n\n           \n        </div>','\n',char(10)),'2023-05-12 22:27:00','2023-05-12 22:27:00');
INSERT INTO file_contents VALUES(4,4,'','2023-05-13 00:49:58','2023-05-13 00:49:58');
INSERT INTO file_contents VALUES(5,5,'','2023-05-13 00:51:46','2023-05-13 00:51:46');
INSERT INTO file_contents VALUES(6,6,'','2023-05-13 00:54:00','2023-05-13 00:54:00');
INSERT INTO file_contents VALUES(7,7,'','2023-05-13 00:54:07','2023-05-13 00:54:07');
COMMIT;
